<?xml version="1.0" encoding="UTF-8"?>
<!DOCTYPE suite SYSTEM "https://testng.org/testng-1.0.dtd">
<suite name="Suite">
	<parameter name="pageNumber" value="0" />
	<test thread-count="5" name="Test">
		<parameter name="pageNumber" value="2" />
		<parameter name="pageNumber" value="2" />
		<parameter name="pageNumber" value="2" />
		<parameter name="pageNumber" value="2" />
		<classes>
			<class name="package1.GetTestsPageNumberParameters" />
		</classes>
	</test> <!-- Test -->
</suite> <!-- Suite -->
